observation_date,AUST448NA
1990-01-01,387.1
1990-02-01,387.4
1990-03-01,390.3
1990-04-01,393.6
1990-05-01,397.6
1990-06-01,397.2
1990-07-01,398.5
1990-08-01,398.3
1990-09-01,398.3
1990-10-01,398.9
1990-11-01,401.6
1990-12-01,403.0
1991-01-01,404.0
1991-02-01,404.7
1991-03-01,406.2
1991-04-01,405.8
1991-05-01,406.8
1991-06-01,407.5
1991-07-01,408.2
1991-08-01,409.7
1991-09-01,410.9
1991-10-01,411.2
1991-11-01,414.6
1991-12-01,416.3
1992-01-01,419.7
1992-02-01,421.0
1992-03-01,422.6
1992-04-01,424.4
1992-05-01,426.7
1992-06-01,429.6
1992-07-01,431.4
1992-08-01,432.0
1992-09-01,436.2
1992-10-01,439.2
1992-11-01,441.6
1992-12-01,444.2
1993-01-01,446.9
1993-02-01,450.0
1993-03-01,452.8
1993-04-01,455.8
1993-05-01,458.1
1993-06-01,458.8
1993-07-01,462.7
1993-08-01,465.4
1993-09-01,467.9
1993-10-01,469.4
1993-11-01,470.9
1993-12-01,472.9
1994-01-01,476.3
1994-02-01,477.5
1994-03-01,480.7
1994-04-01,484.9
1994-05-01,486.9
1994-06-01,489.9
1994-07-01,493.5
1994-08-01,495.6
1994-09-01,499.3
1994-10-01,502.8
1994-11-01,506.2
1994-12-01,509.3
1995-01-01,511.4
1995-02-01,514.5
1995-03-01,516.6
1995-04-01,518.3
1995-05-01,522.0
1995-06-01,524.4
1995-07-01,524.2
1995-08-01,527.3
1995-09-01,531.2
1995-10-01,533.4
1995-11-01,535.4
1995-12-01,538.3
1996-01-01,540.0
1996-02-01,541.9
1996-03-01,544.6
1996-04-01,547.4
1996-05-01,548.4
1996-06-01,548.5
1996-07-01,549.9
1996-08-01,552.7
1996-09-01,552.4
1996-10-01,555.5
1996-11-01,556.8
1996-12-01,558.7
1997-01-01,560.4
1997-02-01,564.7
1997-03-01,567.1
1997-04-01,569.5
1997-05-01,570.2
1997-06-01,571.1
1997-07-01,579.1
1997-08-01,579.5
1997-09-01,583.3
1997-10-01,584.1
1997-11-01,588.3
1997-12-01,588.4
1998-01-01,595.1
1998-02-01,597.8
1998-03-01,600.6
1998-04-01,603.6
1998-05-01,607.0
1998-06-01,610.1
1998-07-01,611.4
1998-08-01,614.0
1998-09-01,616.6
1998-10-01,620.2
1998-11-01,623.0
1998-12-01,625.2
1999-01-01,628.7
1999-02-01,631.6
1999-03-01,634.4
1999-04-01,636.6
1999-05-01,639.8
1999-06-01,645.0
1999-07-01,649.0
1999-08-01,651.9
1999-09-01,653.7
1999-10-01,656.5
1999-11-01,659.7
1999-12-01,663.3
2000-01-01,666.1
2000-02-01,669.7
2000-03-01,673.8
2000-04-01,674.9
2000-05-01,680.7
2000-06-01,684.2
2000-07-01,687.6
2000-08-01,691.5
2000-09-01,691.6
2000-10-01,694.1
2000-11-01,695.7
2000-12-01,697.0
2001-01-01,696.0
2001-02-01,695.6
2001-03-01,694.6
2001-04-01,690.6
2001-05-01,688.7
2001-06-01,686.9
2001-07-01,683.4
2001-08-01,682.9
2001-09-01,680.7
2001-10-01,677.4
2001-11-01,674.2
2001-12-01,672.5
2002-01-01,672.1
2002-02-01,671.6
2002-03-01,670.5
2002-04-01,671.3
2002-05-01,671.7
2002-06-01,666.7
2002-07-01,668.2
2002-08-01,668.4
2002-09-01,668.4
2002-10-01,667.5
2002-11-01,668.4
2002-12-01,667.3
2003-01-01,666.0
2003-02-01,664.0
2003-03-01,660.6
2003-04-01,663.3
2003-05-01,663.3
2003-06-01,663.3
2003-07-01,664.5
2003-08-01,663.7
2003-09-01,663.6
2003-10-01,664.2
2003-11-01,664.9
2003-12-01,666.3
2004-01-01,668.4
2004-02-01,670.8
2004-03-01,672.7
2004-04-01,673.7
2004-05-01,675.6
2004-06-01,677.5
2004-07-01,680.2
2004-08-01,682.3
2004-09-01,681.7
2004-10-01,686.5
2004-11-01,688.3
2004-12-01,690.4
2005-01-01,693.1
2005-02-01,694.8
2005-03-01,696.5
2005-04-01,699.3
2005-05-01,701.5
2005-06-01,702.6
2005-07-01,706.7
2005-08-01,708.6
2005-09-01,710.7
2005-10-01,711.2
2005-11-01,714.8
2005-12-01,717.1
2006-01-01,718.1
2006-02-01,720.8
2006-03-01,723.3
2006-04-01,727.2
2006-05-01,729.8
2006-06-01,733.1
2006-07-01,733.5
2006-08-01,740.2
2006-09-01,748.2
2006-10-01,750.7
2006-11-01,753.9
2006-12-01,759.4
2007-01-01,755.5
2007-02-01,762.2
2007-03-01,765.3
2007-04-01,766.5
2007-05-01,769.1
2007-06-01,772.3
2007-07-01,773.5
2007-08-01,775.6
2007-09-01,777.9
2007-10-01,781.7
2007-11-01,783.2
2007-12-01,785.6
2008-01-01,789.2
2008-02-01,791.3
2008-03-01,788.2
2008-04-01,788.7
2008-05-01,789.9
2008-06-01,789.8
2008-07-01,791.2
2008-08-01,792.6
2008-09-01,795.0
2008-10-01,794.2
2008-11-01,794.3
2008-12-01,792.3
2009-01-01,784.9
2009-02-01,779.7
2009-03-01,775.5
2009-04-01,774.5
2009-05-01,774.3
2009-06-01,772.3
2009-07-01,770.9
2009-08-01,770.7
2009-09-01,770.8
2009-10-01,771.8
2009-11-01,773.0
2009-12-01,774.0
2010-01-01,775.0
2010-02-01,775.3
2010-03-01,779.3
2010-04-01,780.2
2010-05-01,782.8
2010-06-01,785.1
2010-07-01,785.4
2010-08-01,787.0
2010-09-01,786.8
2010-10-01,795.9
2010-11-01,797.4
2010-12-01,799.1
2011-01-01,800.5
2011-02-01,801.8
2011-03-01,804.4
2011-04-01,809.9
2011-05-01,809.1
2011-06-01,810.7
2011-07-01,813.5
2011-08-01,816.4
2011-09-01,818.5
2011-10-01,820.1
2011-11-01,822.4
2011-12-01,825.5
2012-01-01,831.0
2012-02-01,831.0
2012-03-01,833.0
2012-04-01,835.7
2012-05-01,838.2
2012-06-01,842.4
2012-07-01,844.5
2012-08-01,849.0
2012-09-01,853.3
2012-10-01,858.3
2012-11-01,863.9
2012-12-01,864.8
2013-01-01,867.2
2013-02-01,870.2
2013-03-01,872.2
2013-04-01,877.0
2013-05-01,880.1
2013-06-01,883.4
2013-07-01,887.1
2013-08-01,889.8
2013-09-01,894.1
2013-10-01,896.7
2013-11-01,901.7
2013-12-01,902.9
2014-01-01,906.2
2014-02-01,910.4
2014-03-01,914.6
2014-04-01,917.3
2014-05-01,920.1
2014-06-01,922.9
2014-07-01,925.9
2014-08-01,928.2
2014-09-01,931.1
2014-10-01,934.3
2014-11-01,938.4
2014-12-01,941.7
2015-01-01,944.5
2015-02-01,948.0
2015-03-01,951.6
2015-04-01,954.6
2015-05-01,959.4
2015-06-01,963.7
2015-07-01,967.5
2015-08-01,971.3
2015-09-01,974.4
2015-10-01,977.1
2015-11-01,979.9
2015-12-01,983.3
2016-01-01,986.0
2016-02-01,989.4
2016-03-01,991.1
2016-04-01,995.1
2016-05-01,996.3
2016-06-01,999.0
2016-07-01,1007.3
2016-08-01,1008.8
2016-09-01,1011.6
2016-10-01,1013.4
2016-11-01,1015.0
2016-12-01,1018.3
2017-01-01,1022.0
2017-02-01,1024.1
2017-03-01,1027.7
2017-04-01,1030.6
2017-05-01,1033.9
2017-06-01,1036.6
2017-07-01,1038.4
2017-08-01,1040.2
2017-09-01,1042.9
2017-10-01,1047.0
2017-11-01,1048.1
2017-12-01,1052.8
2018-01-01,1057.3
2018-02-01,1061.5
2018-03-01,1065.5
2018-04-01,1068.2
2018-05-01,1072.6
2018-06-01,1078.6
2018-07-01,1079.4
2018-08-01,1083.7
2018-09-01,1087.0
2018-10-01,1090.3
2018-11-01,1093.2
2018-12-01,1096.7
2019-01-01,1100.2
2019-02-01,1104.8
2019-03-01,1107.2
2019-04-01,1111.0
2019-05-01,1113.8
2019-06-01,1115.1
2019-07-01,1122.7
2019-08-01,1127.6
2019-09-01,1129.7
2019-10-01,1132.9
2019-11-01,1137.8
2019-12-01,1140.8
2020-01-01,1147.5
2020-02-01,1149.7
2020-03-01,1141.8
2020-04-01,1003.1
2020-05-01,1028.4
2020-06-01,1054.0
2020-07-01,1067.9
2020-08-01,1081.2
2020-09-01,1091.1
2020-10-01,1102.2
2020-11-01,1109.4
2020-12-01,1118.8
2021-01-01,1122.4
2021-02-01,1120.1
2021-03-01,1131.7
2021-04-01,1141.7
2021-05-01,1152.8
2021-06-01,1161.9
2021-07-01,1182.0
2021-08-01,1188.1
2021-09-01,1194.8
2021-10-01,1214.8
2021-11-01,1222.0
2021-12-01,1231.4
2022-01-01,1231.2
2022-02-01,1242.2
2022-03-01,1245.4
2022-04-01,1257.6
2022-05-01,1262.1
2022-06-01,1266.4
2022-07-01,1289.5
2022-08-01,1296.2
2022-09-01,1299.8
2022-10-01,1304.0
2022-11-01,1307.5
2022-12-01,1310.2
2023-01-01,1315.5
2023-02-01,1317.8
2023-03-01,1321.8
2023-04-01,1323.8
2023-05-01,1325.3
2023-06-01,1331.6
2023-07-01,1330.6
2023-08-01,1334.2
2023-09-01,1336.2
2023-10-01,1339.9
2023-11-01,1342.7
2023-12-01,1345.6
2024-01-01,1347.6
2024-02-01,1349.9
2024-03-01,1351.3
2024-04-01,1353.9
2024-05-01,1355.9
2024-06-01,1357.1
2024-07-01,1361.0
2024-08-01,1363.1
2024-09-01,1367.9
2024-10-01,1363.8
2024-11-01,1365.4
2024-12-01,1368.9
2025-01-01,1369.2
2025-02-01,1372.1
2025-03-01,1372.9
2025-04-01,1374.4
2025-05-01,1375.5
2025-06-01,1372.6
2025-07-01,1373.3
2025-08-01,1376.3
2025-09-01,1373.9
2025-10-01,1373.6
2025-11-01,1375.7
2025-12-01,1379.0
