observation_date,CHIC917NA
1990-01-01,3971.0
1990-02-01,3973.5
1990-03-01,3974.5
1990-04-01,3960.0
1990-05-01,3957.3
1990-06-01,3965.9
1990-07-01,3966.5
1990-08-01,3962.8
1990-09-01,3968.0
1990-10-01,3945.5
1990-11-01,3944.0
1990-12-01,3940.5
1991-01-01,3942.7
1991-02-01,3933.5
1991-03-01,3927.8
1991-04-01,3922.0
1991-05-01,3909.7
1991-06-01,3898.5
1991-07-01,3890.9
1991-08-01,3887.9
1991-09-01,3892.2
1991-10-01,3890.3
1991-11-01,3887.3
1991-12-01,3882.5
1992-01-01,3892.5
1992-02-01,3894.7
1992-03-01,3886.2
1992-04-01,3886.8
1992-05-01,3895.5
1992-06-01,3897.7
1992-07-01,3910.0
1992-08-01,3912.8
1992-09-01,3914.8
1992-10-01,3921.8
1992-11-01,3928.0
1992-12-01,3931.2
1993-01-01,3939.5
1993-02-01,3943.9
1993-03-01,3939.8
1993-04-01,3969.5
1993-05-01,3980.4
1993-06-01,3982.0
1993-07-01,3985.1
1993-08-01,3992.1
1993-09-01,3988.2
1993-10-01,4013.7
1993-11-01,4015.3
1993-12-01,4021.7
1994-01-01,4014.3
1994-02-01,4019.1
1994-03-01,4027.8
1994-04-01,4044.7
1994-05-01,4052.9
1994-06-01,4066.3
1994-07-01,4083.8
1994-08-01,4094.5
1994-09-01,4104.0
1994-10-01,4087.4
1994-11-01,4102.4
1994-12-01,4105.4
1995-01-01,4135.6
1995-02-01,4156.4
1995-03-01,4160.7
1995-04-01,4149.1
1995-05-01,4145.9
1995-06-01,4158.6
1995-07-01,4162.4
1995-08-01,4167.3
1995-09-01,4202.3
1995-10-01,4196.4
1995-11-01,4198.7
1995-12-01,4206.7
1996-01-01,4213.1
1996-02-01,4215.0
1996-03-01,4219.7
1996-04-01,4220.5
1996-05-01,4226.1
1996-06-01,4232.0
1996-07-01,4233.1
1996-08-01,4241.5
1996-09-01,4236.0
1996-10-01,4257.8
1996-11-01,4266.4
1996-12-01,4267.0
1997-01-01,4270.3
1997-02-01,4271.0
1997-03-01,4283.1
1997-04-01,4298.4
1997-05-01,4309.8
1997-06-01,4316.0
1997-07-01,4316.2
1997-08-01,4315.8
1997-09-01,4324.4
1997-10-01,4326.9
1997-11-01,4342.7
1997-12-01,4355.9
1998-01-01,4371.3
1998-02-01,4373.5
1998-03-01,4367.2
1998-04-01,4378.3
1998-05-01,4395.6
1998-06-01,4389.0
1998-07-01,4401.2
1998-08-01,4407.3
1998-09-01,4419.0
1998-10-01,4424.0
1998-11-01,4428.9
1998-12-01,4429.6
1999-01-01,4429.3
1999-02-01,4444.4
1999-03-01,4445.4
1999-04-01,4434.9
1999-05-01,4435.5
1999-06-01,4441.7
1999-07-01,4446.7
1999-08-01,4448.5
1999-09-01,4449.0
1999-10-01,4477.4
1999-11-01,4481.8
1999-12-01,4487.4
2000-01-01,4481.0
2000-02-01,4486.6
2000-03-01,4501.1
2000-04-01,4507.4
2000-05-01,4509.4
2000-06-01,4512.6
2000-07-01,4505.2
2000-08-01,4518.8
2000-09-01,4517.1
2000-10-01,4523.3
2000-11-01,4526.1
2000-12-01,4522.2
2001-01-01,4521.8
2001-02-01,4523.1
2001-03-01,4519.1
2001-04-01,4512.1
2001-05-01,4508.1
2001-06-01,4508.6
2001-07-01,4482.4
2001-08-01,4470.9
2001-09-01,4457.7
2001-10-01,4435.5
2001-11-01,4421.2
2001-12-01,4416.8
2002-01-01,4411.0
2002-02-01,4402.6
2002-03-01,4390.6
2002-04-01,4398.3
2002-05-01,4389.8
2002-06-01,4388.6
2002-07-01,4392.3
2002-08-01,4390.0
2002-09-01,4380.5
2002-10-01,4384.2
2002-11-01,4383.2
2002-12-01,4376.0
2003-01-01,4376.2
2003-02-01,4367.8
2003-03-01,4359.2
2003-04-01,4355.1
2003-05-01,4352.5
2003-06-01,4350.1
2003-07-01,4360.3
2003-08-01,4352.0
2003-09-01,4343.8
2003-10-01,4331.3
2003-11-01,4326.6
2003-12-01,4330.3
2004-01-01,4329.1
2004-02-01,4328.4
2004-03-01,4334.4
2004-04-01,4332.3
2004-05-01,4346.6
2004-06-01,4350.2
2004-07-01,4353.3
2004-08-01,4352.9
2004-09-01,4355.8
2004-10-01,4369.9
2004-11-01,4371.9
2004-12-01,4375.5
2005-01-01,4371.5
2005-02-01,4374.0
2005-03-01,4372.1
2005-04-01,4386.6
2005-05-01,4387.3
2005-06-01,4378.7
2005-07-01,4403.9
2005-08-01,4401.1
2005-09-01,4413.1
2005-10-01,4414.8
2005-11-01,4421.7
2005-12-01,4423.8
2006-01-01,4431.3
2006-02-01,4444.3
2006-03-01,4447.3
2006-04-01,4452.0
2006-05-01,4446.3
2006-06-01,4458.6
2006-07-01,4457.2
2006-08-01,4460.9
2006-09-01,4468.2
2006-10-01,4462.0
2006-11-01,4465.6
2006-12-01,4470.5
2007-01-01,4482.6
2007-02-01,4479.0
2007-03-01,4490.2
2007-04-01,4490.0
2007-05-01,4493.5
2007-06-01,4496.4
2007-07-01,4498.2
2007-08-01,4494.1
2007-09-01,4489.7
2007-10-01,4493.6
2007-11-01,4496.8
2007-12-01,4499.5
2008-01-01,4500.4
2008-02-01,4497.4
2008-03-01,4490.5
2008-04-01,4494.1
2008-05-01,4488.2
2008-06-01,4477.8
2008-07-01,4478.4
2008-08-01,4468.9
2008-09-01,4447.2
2008-10-01,4430.8
2008-11-01,4404.5
2008-12-01,4379.0
2009-01-01,4343.5
2009-02-01,4317.3
2009-03-01,4287.1
2009-04-01,4244.7
2009-05-01,4235.7
2009-06-01,4215.1
2009-07-01,4197.3
2009-08-01,4188.0
2009-09-01,4179.7
2009-10-01,4176.8
2009-11-01,4173.2
2009-12-01,4166.4
2010-01-01,4169.2
2010-02-01,4172.3
2010-03-01,4170.1
2010-04-01,4170.9
2010-05-01,4191.4
2010-06-01,4180.2
2010-07-01,4162.1
2010-08-01,4174.6
2010-09-01,4181.7
2010-10-01,4201.7
2010-11-01,4202.7
2010-12-01,4208.2
2011-01-01,4215.7
2011-02-01,4215.5
2011-03-01,4223.9
2011-04-01,4232.6
2011-05-01,4232.0
2011-06-01,4228.5
2011-07-01,4245.6
2011-08-01,4254.3
2011-09-01,4265.2
2011-10-01,4263.9
2011-11-01,4267.1
2011-12-01,4270.9
2012-01-01,4286.8
2012-02-01,4293.6
2012-03-01,4299.7
2012-04-01,4307.1
2012-05-01,4304.2
2012-06-01,4307.6
2012-07-01,4313.5
2012-08-01,4320.5
2012-09-01,4332.0
2012-10-01,4332.9
2012-11-01,4339.4
2012-12-01,4345.6
2013-01-01,4352.6
2013-02-01,4369.6
2013-03-01,4368.9
2013-04-01,4364.9
2013-05-01,4375.5
2013-06-01,4380.1
2013-07-01,4383.6
2013-08-01,4391.3
2013-09-01,4396.9
2013-10-01,4399.1
2013-11-01,4403.8
2013-12-01,4416.3
2014-01-01,4409.1
2014-02-01,4417.9
2014-03-01,4425.1
2014-04-01,4438.6
2014-05-01,4447.8
2014-06-01,4448.2
2014-07-01,4452.3
2014-08-01,4455.7
2014-09-01,4456.5
2014-10-01,4467.4
2014-11-01,4475.1
2014-12-01,4484.8
2015-01-01,4485.9
2015-02-01,4490.8
2015-03-01,4495.4
2015-04-01,4511.3
2015-05-01,4533.5
2015-06-01,4532.6
2015-07-01,4538.0
2015-08-01,4540.9
2015-09-01,4542.6
2015-10-01,4556.0
2015-11-01,4557.1
2015-12-01,4564.3
2016-01-01,4569.2
2016-02-01,4570.3
2016-03-01,4571.5
2016-04-01,4582.1
2016-05-01,4579.9
2016-06-01,4576.2
2016-07-01,4598.0
2016-08-01,4598.3
2016-09-01,4605.9
2016-10-01,4607.8
2016-11-01,4609.1
2016-12-01,4611.3
2017-01-01,4611.2
2017-02-01,4618.3
2017-03-01,4622.8
2017-04-01,4617.3
2017-05-01,4621.7
2017-06-01,4625.5
2017-07-01,4624.6
2017-08-01,4630.4
2017-09-01,4636.6
2017-10-01,4637.0
2017-11-01,4639.2
2017-12-01,4644.2
2018-01-01,4641.4
2018-02-01,4650.0
2018-03-01,4661.5
2018-04-01,4642.8
2018-05-01,4652.2
2018-06-01,4657.6
2018-07-01,4669.8
2018-08-01,4669.5
2018-09-01,4669.6
2018-10-01,4670.1
2018-11-01,4678.3
2018-12-01,4675.7
2019-01-01,4678.7
2019-02-01,4673.9
2019-03-01,4675.0
2019-04-01,4680.8
2019-05-01,4691.0
2019-06-01,4695.6
2019-07-01,4698.5
2019-08-01,4696.7
2019-09-01,4690.0
2019-10-01,4697.8
2019-11-01,4698.2
2019-12-01,4703.5
2020-01-01,4712.5
2020-02-01,4707.5
2020-03-01,4658.8
2020-04-01,4044.3
2020-05-01,4056.2
2020-06-01,4144.9
2020-07-01,4234.6
2020-08-01,4292.4
2020-09-01,4308.2
2020-10-01,4347.3
2020-11-01,4319.2
2020-12-01,4320.2
2021-01-01,4344.8
2021-02-01,4365.5
2021-03-01,4381.0
2021-04-01,4395.3
2021-05-01,4399.1
2021-06-01,4425.1
2021-07-01,4459.4
2021-08-01,4466.6
2021-09-01,4470.0
2021-10-01,4525.9
2021-11-01,4542.6
2021-12-01,4570.8
2022-01-01,4565.0
2022-02-01,4580.0
2022-03-01,4592.4
2022-04-01,4598.8
2022-05-01,4607.6
2022-06-01,4615.2
2022-07-01,4671.0
2022-08-01,4668.0
2022-09-01,4662.2
2022-10-01,4666.9
2022-11-01,4670.1
2022-12-01,4668.8
2023-01-01,4697.4
2023-02-01,4692.8
2023-03-01,4692.0
2023-04-01,4699.3
2023-05-01,4698.8
2023-06-01,4723.4
2023-07-01,4732.4
2023-08-01,4724.8
2023-09-01,4720.8
2023-10-01,4711.1
2023-11-01,4712.0
2023-12-01,4712.3
2024-01-01,4711.0
2024-02-01,4708.5
2024-03-01,4712.8
2024-04-01,4712.0
2024-05-01,4717.6
2024-06-01,4722.4
2024-07-01,4749.6
2024-08-01,4730.4
2024-09-01,4729.7
2024-10-01,4731.8
2024-11-01,4727.1
2024-12-01,4732.8
2025-01-01,4735.2
2025-02-01,4740.8
2025-03-01,4739.5
2025-04-01,4737.5
2025-05-01,4746.9
2025-06-01,4752.4
2025-07-01,4751.7
2025-08-01,4755.7
2025-09-01,4768.4
2025-10-01,4757.5
2025-11-01,4753.9
2025-12-01,4761.3
