observation_date,DETR826NA
1990-01-01,1907.2
1990-02-01,1913.3
1990-03-01,1916.3
1990-04-01,1914.0
1990-05-01,1915.9
1990-06-01,1919.5
1990-07-01,1918.7
1990-08-01,1918.5
1990-09-01,1915.5
1990-10-01,1908.1
1990-11-01,1898.5
1990-12-01,1898.0
1991-01-01,1882.8
1991-02-01,1868.4
1991-03-01,1867.0
1991-04-01,1866.3
1991-05-01,1871.6
1991-06-01,1871.9
1991-07-01,1874.6
1991-08-01,1870.2
1991-09-01,1872.2
1991-10-01,1873.2
1991-11-01,1876.7
1991-12-01,1876.2
1992-01-01,1874.5
1992-02-01,1868.7
1992-03-01,1872.6
1992-04-01,1882.5
1992-05-01,1882.6
1992-06-01,1882.3
1992-07-01,1886.7
1992-08-01,1889.7
1992-09-01,1889.9
1992-10-01,1893.3
1992-11-01,1891.9
1992-12-01,1890.5
1993-01-01,1897.5
1993-02-01,1901.0
1993-03-01,1901.4
1993-04-01,1906.5
1993-05-01,1907.0
1993-06-01,1905.4
1993-07-01,1918.1
1993-08-01,1906.8
1993-09-01,1907.8
1993-10-01,1930.6
1993-11-01,1932.5
1993-12-01,1941.7
1994-01-01,1963.7
1994-02-01,1964.8
1994-03-01,1974.1
1994-04-01,1972.2
1994-05-01,1971.0
1994-06-01,1977.9
1994-07-01,1984.6
1994-08-01,1992.7
1994-09-01,2000.4
1994-10-01,2000.0
1994-11-01,2010.1
1994-12-01,2014.3
1995-01-01,2016.1
1995-02-01,2020.4
1995-03-01,2029.0
1995-04-01,2023.5
1995-05-01,2024.9
1995-06-01,2034.3
1995-07-01,2031.4
1995-08-01,2034.4
1995-09-01,2038.8
1995-10-01,2045.5
1995-11-01,2049.7
1995-12-01,2059.9
1996-01-01,2065.6
1996-02-01,2069.5
1996-03-01,2068.1
1996-04-01,2069.7
1996-05-01,2074.8
1996-06-01,2076.8
1996-07-01,2078.5
1996-08-01,2091.8
1996-09-01,2091.2
1996-10-01,2095.6
1996-11-01,2099.7
1996-12-01,2099.8
1997-01-01,2104.7
1997-02-01,2104.4
1997-03-01,2113.2
1997-04-01,2099.9
1997-05-01,2101.2
1997-06-01,2101.6
1997-07-01,2115.0
1997-08-01,2111.5
1997-09-01,2115.8
1997-10-01,2110.2
1997-11-01,2109.0
1997-12-01,2109.2
1998-01-01,2146.2
1998-02-01,2145.5
1998-03-01,2147.9
1998-04-01,2149.6
1998-05-01,2149.5
1998-06-01,2148.1
1998-07-01,2114.4
1998-08-01,2134.0
1998-09-01,2133.1
1998-10-01,2137.7
1998-11-01,2138.1
1998-12-01,2138.0
1999-01-01,2125.4
1999-02-01,2119.3
1999-03-01,2123.2
1999-04-01,2146.7
1999-05-01,2143.5
1999-06-01,2142.1
1999-07-01,2140.8
1999-08-01,2140.6
1999-09-01,2137.6
1999-10-01,2180.1
1999-11-01,2182.8
1999-12-01,2191.6
2000-01-01,2202.4
2000-02-01,2192.5
2000-03-01,2193.6
2000-04-01,2209.7
2000-05-01,2209.2
2000-06-01,2211.6
2000-07-01,2206.3
2000-08-01,2206.9
2000-09-01,2201.0
2000-10-01,2206.9
2000-11-01,2206.2
2000-12-01,2198.2
2001-01-01,2166.6
2001-02-01,2172.0
2001-03-01,2167.7
2001-04-01,2154.7
2001-05-01,2147.5
2001-06-01,2144.2
2001-07-01,2133.8
2001-08-01,2123.9
2001-09-01,2119.5
2001-10-01,2111.0
2001-11-01,2103.9
2001-12-01,2103.6
2002-01-01,2090.5
2002-02-01,2088.5
2002-03-01,2087.9
2002-04-01,2086.4
2002-05-01,2086.7
2002-06-01,2084.8
2002-07-01,2099.0
2002-08-01,2092.9
2002-09-01,2088.6
2002-10-01,2086.5
2002-11-01,2084.7
2002-12-01,2081.7
2003-01-01,2093.2
2003-02-01,2081.9
2003-03-01,2079.9
2003-04-01,2066.0
2003-05-01,2068.2
2003-06-01,2068.7
2003-07-01,2058.9
2003-08-01,2059.4
2003-09-01,2055.1
2003-10-01,2054.9
2003-11-01,2050.6
2003-12-01,2049.1
2004-01-01,2051.3
2004-02-01,2041.4
2004-03-01,2043.3
2004-04-01,2047.7
2004-05-01,2046.4
2004-06-01,2041.8
2004-07-01,2033.6
2004-08-01,2046.7
2004-09-01,2050.8
2004-10-01,2053.7
2004-11-01,2051.8
2004-12-01,2048.6
2005-01-01,2046.1
2005-02-01,2051.4
2005-03-01,2042.9
2005-04-01,2049.7
2005-05-01,2049.4
2005-06-01,2043.2
2005-07-01,2042.1
2005-08-01,2041.1
2005-09-01,2050.4
2005-10-01,2042.7
2005-11-01,2043.9
2005-12-01,2037.8
2006-01-01,2028.1
2006-02-01,2021.3
2006-03-01,2021.4
2006-04-01,2016.4
2006-05-01,2009.0
2006-06-01,2006.2
2006-07-01,1992.7
2006-08-01,1992.4
2006-09-01,1990.7
2006-10-01,1978.6
2006-11-01,1982.5
2006-12-01,1980.6
2007-01-01,1974.3
2007-02-01,1977.5
2007-03-01,1974.0
2007-04-01,1972.3
2007-05-01,1971.3
2007-06-01,1965.6
2007-07-01,1963.7
2007-08-01,1966.4
2007-09-01,1956.7
2007-10-01,1943.6
2007-11-01,1952.3
2007-12-01,1947.2
2008-01-01,1944.5
2008-02-01,1937.6
2008-03-01,1926.4
2008-04-01,1917.4
2008-05-01,1911.7
2008-06-01,1910.2
2008-07-01,1897.7
2008-08-01,1896.0
2008-09-01,1885.1
2008-10-01,1876.9
2008-11-01,1862.6
2008-12-01,1846.9
2009-01-01,1786.2
2009-02-01,1788.3
2009-03-01,1778.3
2009-04-01,1767.0
2009-05-01,1733.7
2009-06-01,1713.5
2009-07-01,1732.4
2009-08-01,1724.6
2009-09-01,1726.4
2009-10-01,1727.4
2009-11-01,1722.9
2009-12-01,1723.6
2010-01-01,1726.7
2010-02-01,1725.7
2010-03-01,1721.7
2010-04-01,1736.0
2010-05-01,1735.8
2010-06-01,1734.6
2010-07-01,1745.3
2010-08-01,1735.4
2010-09-01,1744.6
2010-10-01,1750.1
2010-11-01,1751.6
2010-12-01,1754.3
2011-01-01,1762.0
2011-02-01,1766.4
2011-03-01,1770.4
2011-04-01,1786.4
2011-05-01,1780.0
2011-06-01,1778.6
2011-07-01,1789.1
2011-08-01,1793.3
2011-09-01,1801.8
2011-10-01,1805.0
2011-11-01,1809.6
2011-12-01,1810.6
2012-01-01,1821.1
2012-02-01,1824.0
2012-03-01,1830.7
2012-04-01,1833.2
2012-05-01,1829.8
2012-06-01,1827.5
2012-07-01,1833.5
2012-08-01,1838.7
2012-09-01,1843.1
2012-10-01,1848.8
2012-11-01,1846.5
2012-12-01,1850.8
2013-01-01,1855.9
2013-02-01,1861.1
2013-03-01,1864.6
2013-04-01,1866.8
2013-05-01,1869.1
2013-06-01,1866.6
2013-07-01,1857.1
2013-08-01,1870.7
2013-09-01,1878.0
2013-10-01,1886.7
2013-11-01,1881.0
2013-12-01,1880.1
2014-01-01,1880.8
2014-02-01,1889.5
2014-03-01,1891.5
2014-04-01,1888.2
2014-05-01,1893.8
2014-06-01,1901.3
2014-07-01,1904.6
2014-08-01,1905.7
2014-09-01,1904.5
2014-10-01,1908.4
2014-11-01,1914.8
2014-12-01,1922.5
2015-01-01,1926.5
2015-02-01,1923.4
2015-03-01,1925.2
2015-04-01,1925.5
2015-05-01,1939.4
2015-06-01,1937.2
2015-07-01,1938.8
2015-08-01,1943.6
2015-09-01,1945.9
2015-10-01,1947.5
2015-11-01,1950.8
2015-12-01,1954.7
2016-01-01,1964.5
2016-02-01,1960.1
2016-03-01,1960.6
2016-04-01,1969.5
2016-05-01,1972.4
2016-06-01,1973.6
2016-07-01,1985.2
2016-08-01,1980.3
2016-09-01,1987.2
2016-10-01,1989.8
2016-11-01,1994.6
2016-12-01,1996.0
2017-01-01,1997.4
2017-02-01,1998.4
2017-03-01,2000.0
2017-04-01,2005.6
2017-05-01,2007.9
2017-06-01,2012.1
2017-07-01,2005.9
2017-08-01,2013.7
2017-09-01,2016.4
2017-10-01,2012.8
2017-11-01,2017.4
2017-12-01,2016.6
2018-01-01,2019.2
2018-02-01,2024.2
2018-03-01,2031.6
2018-04-01,2030.3
2018-05-01,2031.8
2018-06-01,2034.9
2018-07-01,2034.1
2018-08-01,2038.7
2018-09-01,2035.7
2018-10-01,2042.0
2018-11-01,2042.9
2018-12-01,2041.4
2019-01-01,2040.0
2019-02-01,2040.6
2019-03-01,2042.3
2019-04-01,2041.8
2019-05-01,2043.2
2019-06-01,2043.6
2019-07-01,2043.2
2019-08-01,2050.6
2019-09-01,2050.7
2019-10-01,2037.3
2019-11-01,2047.5
2019-12-01,2053.3
2020-01-01,2046.7
2020-02-01,2048.9
2020-03-01,2029.0
2020-04-01,1518.6
2020-05-01,1578.9
2020-06-01,1757.3
2020-07-01,1817.4
2020-08-01,1848.7
2020-09-01,1873.7
2020-10-01,1890.0
2020-11-01,1893.2
2020-12-01,1865.9
2021-01-01,1883.2
2021-02-01,1908.2
2021-03-01,1913.1
2021-04-01,1901.9
2021-05-01,1902.5
2021-06-01,1911.6
2021-07-01,1922.6
2021-08-01,1940.4
2021-09-01,1946.8
2021-10-01,1969.7
2021-11-01,1979.5
2021-12-01,1980.4
2022-01-01,1984.1
2022-02-01,1991.3
2022-03-01,2000.5
2022-04-01,2014.4
2022-05-01,2008.2
2022-06-01,2006.3
2022-07-01,2022.2
2022-08-01,2021.7
2022-09-01,2024.3
2022-10-01,2021.1
2022-11-01,2027.5
2022-12-01,2026.0
2023-01-01,2035.0
2023-02-01,2034.1
2023-03-01,2037.9
2023-04-01,2044.7
2023-05-01,2047.9
2023-06-01,2053.9
2023-07-01,2052.2
2023-08-01,2050.3
2023-09-01,2056.9
2023-10-01,2033.4
2023-11-01,2039.4
2023-12-01,2050.3
2024-01-01,2047.3
2024-02-01,2047.6
2024-03-01,2050.2
2024-04-01,2054.5
2024-05-01,2058.3
2024-06-01,2052.7
2024-07-01,2043.0
2024-08-01,2058.5
2024-09-01,2062.3
2024-10-01,2060.4
2024-11-01,2063.0
2024-12-01,2066.2
2025-01-01,2059.8
2025-02-01,2061.6
2025-03-01,2062.0
2025-04-01,2068.8
2025-05-01,2062.7
2025-06-01,2058.4
2025-07-01,2060.0
2025-08-01,2060.8
2025-09-01,2065.5
2025-10-01,2068.1
2025-11-01,2064.7
2025-12-01,2066.4
