observation_date,PHOE004NA
1990-01-01,999.4
1990-02-01,1003.6
1990-03-01,1007.4
1990-04-01,1017.5
1990-05-01,1017.0
1990-06-01,1016.9
1990-07-01,1014.4
1990-08-01,1012.8
1990-09-01,1017.3
1990-10-01,1015.2
1990-11-01,1017.2
1990-12-01,1012.7
1991-01-01,1017.6
1991-02-01,1016.7
1991-03-01,1017.1
1991-04-01,1009.7
1991-05-01,1006.2
1991-06-01,1003.4
1991-07-01,1005.4
1991-08-01,1002.7
1991-09-01,1003.7
1991-10-01,1007.7
1991-11-01,1009.2
1991-12-01,1011.1
1992-01-01,1012.4
1992-02-01,1011.5
1992-03-01,1012.9
1992-04-01,1014.2
1992-05-01,1018.6
1992-06-01,1018.8
1992-07-01,1019.9
1992-08-01,1026.5
1992-09-01,1032.7
1992-10-01,1025.8
1992-11-01,1025.5
1992-12-01,1027.8
1993-01-01,1031.8
1993-02-01,1037.9
1993-03-01,1044.6
1993-04-01,1055.1
1993-05-01,1061.2
1993-06-01,1072.1
1993-07-01,1081.9
1993-08-01,1082.0
1993-09-01,1086.4
1993-10-01,1093.2
1993-11-01,1097.2
1993-12-01,1103.3
1994-01-01,1104.0
1994-02-01,1109.5
1994-03-01,1115.6
1994-04-01,1121.8
1994-05-01,1127.4
1994-06-01,1138.6
1994-07-01,1149.5
1994-08-01,1156.2
1994-09-01,1158.5
1994-10-01,1164.0
1994-11-01,1171.2
1994-12-01,1177.7
1995-01-01,1187.3
1995-02-01,1193.8
1995-03-01,1200.2
1995-04-01,1207.6
1995-05-01,1213.5
1995-06-01,1218.2
1995-07-01,1221.8
1995-08-01,1229.4
1995-09-01,1241.0
1995-10-01,1253.7
1995-11-01,1252.0
1995-12-01,1262.4
1996-01-01,1284.7
1996-02-01,1286.3
1996-03-01,1291.3
1996-04-01,1291.3
1996-05-01,1298.8
1996-06-01,1305.3
1996-07-01,1313.5
1996-08-01,1319.5
1996-09-01,1327.4
1996-10-01,1333.0
1996-11-01,1342.5
1996-12-01,1345.7
1997-01-01,1351.3
1997-02-01,1357.9
1997-03-01,1363.4
1997-04-01,1371.1
1997-05-01,1375.5
1997-06-01,1377.7
1997-07-01,1383.2
1997-08-01,1381.8
1997-09-01,1393.9
1997-10-01,1404.4
1997-11-01,1411.7
1997-12-01,1420.6
1998-01-01,1425.6
1998-02-01,1428.4
1998-03-01,1437.2
1998-04-01,1441.0
1998-05-01,1450.4
1998-06-01,1455.4
1998-07-01,1454.5
1998-08-01,1466.8
1998-09-01,1477.5
1998-10-01,1477.3
1998-11-01,1484.2
1998-12-01,1486.9
1999-01-01,1494.5
1999-02-01,1500.3
1999-03-01,1504.1
1999-04-01,1512.6
1999-05-01,1516.8
1999-06-01,1525.1
1999-07-01,1531.3
1999-08-01,1534.2
1999-09-01,1536.8
1999-10-01,1540.8
1999-11-01,1544.4
1999-12-01,1549.3
2000-01-01,1550.0
2000-02-01,1557.1
2000-03-01,1562.5
2000-04-01,1566.4
2000-05-01,1576.8
2000-06-01,1574.3
2000-07-01,1577.4
2000-08-01,1583.9
2000-09-01,1591.0
2000-10-01,1593.6
2000-11-01,1597.2
2000-12-01,1605.1
2001-01-01,1598.9
2001-02-01,1606.3
2001-03-01,1610.7
2001-04-01,1603.7
2001-05-01,1600.2
2001-06-01,1599.0
2001-07-01,1599.6
2001-08-01,1597.3
2001-09-01,1596.7
2001-10-01,1591.6
2001-11-01,1584.2
2001-12-01,1581.5
2002-01-01,1585.1
2002-02-01,1583.7
2002-03-01,1587.8
2002-04-01,1598.0
2002-05-01,1595.6
2002-06-01,1600.6
2002-07-01,1598.1
2002-08-01,1599.7
2002-09-01,1598.8
2002-10-01,1599.8
2002-11-01,1613.9
2002-12-01,1607.2
2003-01-01,1608.5
2003-02-01,1610.7
2003-03-01,1611.1
2003-04-01,1613.8
2003-05-01,1616.8
2003-06-01,1617.6
2003-07-01,1619.0
2003-08-01,1623.6
2003-09-01,1625.4
2003-10-01,1633.1
2003-11-01,1639.6
2003-12-01,1643.7
2004-01-01,1648.8
2004-02-01,1652.6
2004-03-01,1658.7
2004-04-01,1665.4
2004-05-01,1671.2
2004-06-01,1678.9
2004-07-01,1686.9
2004-08-01,1694.3
2004-09-01,1699.7
2004-10-01,1716.4
2004-11-01,1723.3
2004-12-01,1731.7
2005-01-01,1736.6
2005-02-01,1746.0
2005-03-01,1753.7
2005-04-01,1772.9
2005-05-01,1777.9
2005-06-01,1785.8
2005-07-01,1798.9
2005-08-01,1806.4
2005-09-01,1820.3
2005-10-01,1817.0
2005-11-01,1830.5
2005-12-01,1835.4
2006-01-01,1851.0
2006-02-01,1863.4
2006-03-01,1873.3
2006-04-01,1879.3
2006-05-01,1885.1
2006-06-01,1891.0
2006-07-01,1893.5
2006-08-01,1897.5
2006-09-01,1903.2
2006-10-01,1899.9
2006-11-01,1902.5
2006-12-01,1905.0
2007-01-01,1902.8
2007-02-01,1910.0
2007-03-01,1915.6
2007-04-01,1912.7
2007-05-01,1914.7
2007-06-01,1922.0
2007-07-01,1924.3
2007-08-01,1925.4
2007-09-01,1924.8
2007-10-01,1924.6
2007-11-01,1922.9
2007-12-01,1920.2
2008-01-01,1916.2
2008-02-01,1911.2
2008-03-01,1901.0
2008-04-01,1896.1
2008-05-01,1887.8
2008-06-01,1878.0
2008-07-01,1864.0
2008-08-01,1864.9
2008-09-01,1857.7
2008-10-01,1840.6
2008-11-01,1825.6
2008-12-01,1809.3
2009-01-01,1791.0
2009-02-01,1771.6
2009-03-01,1756.2
2009-04-01,1740.4
2009-05-01,1730.4
2009-06-01,1719.9
2009-07-01,1712.0
2009-08-01,1702.0
2009-09-01,1696.7
2009-10-01,1692.0
2009-11-01,1690.6
2009-12-01,1687.4
2010-01-01,1688.3
2010-02-01,1687.8
2010-03-01,1689.5
2010-04-01,1691.3
2010-05-01,1699.9
2010-06-01,1692.4
2010-07-01,1691.8
2010-08-01,1690.4
2010-09-01,1684.7
2010-10-01,1695.6
2010-11-01,1696.9
2010-12-01,1698.5
2011-01-01,1701.9
2011-02-01,1705.2
2011-03-01,1707.0
2011-04-01,1711.8
2011-05-01,1715.9
2011-06-01,1709.7
2011-07-01,1717.3
2011-08-01,1724.4
2011-09-01,1728.2
2011-10-01,1728.4
2011-11-01,1730.8
2011-12-01,1730.2
2012-01-01,1739.4
2012-02-01,1741.6
2012-03-01,1747.3
2012-04-01,1748.9
2012-05-01,1751.2
2012-06-01,1759.1
2012-07-01,1760.9
2012-08-01,1765.8
2012-09-01,1771.8
2012-10-01,1774.8
2012-11-01,1778.5
2012-12-01,1783.0
2013-01-01,1785.8
2013-02-01,1791.3
2013-03-01,1796.0
2013-04-01,1801.6
2013-05-01,1807.5
2013-06-01,1811.1
2013-07-01,1816.4
2013-08-01,1817.7
2013-09-01,1821.3
2013-10-01,1825.4
2013-11-01,1830.9
2013-12-01,1833.1
2014-01-01,1834.8
2014-02-01,1836.2
2014-03-01,1839.3
2014-04-01,1844.3
2014-05-01,1842.3
2014-06-01,1849.4
2014-07-01,1851.5
2014-08-01,1856.1
2014-09-01,1860.4
2014-10-01,1867.6
2014-11-01,1874.1
2014-12-01,1881.1
2015-01-01,1885.7
2015-02-01,1890.2
2015-03-01,1893.3
2015-04-01,1896.4
2015-05-01,1904.1
2015-06-01,1909.2
2015-07-01,1915.5
2015-08-01,1922.7
2015-09-01,1927.3
2015-10-01,1938.7
2015-11-01,1946.8
2015-12-01,1948.0
2016-01-01,1952.0
2016-02-01,1958.8
2016-03-01,1964.5
2016-04-01,1970.1
2016-05-01,1973.6
2016-06-01,1969.2
2016-07-01,1987.6
2016-08-01,1989.8
2016-09-01,1995.3
2016-10-01,1996.7
2016-11-01,1998.3
2016-12-01,2003.5
2017-01-01,2005.8
2017-02-01,2012.1
2017-03-01,2019.3
2017-04-01,2029.6
2017-05-01,2032.4
2017-06-01,2044.5
2017-07-01,2042.9
2017-08-01,2047.5
2017-09-01,2055.5
2017-10-01,2058.3
2017-11-01,2063.1
2017-12-01,2068.6
2018-01-01,2074.1
2018-02-01,2084.8
2018-03-01,2093.2
2018-04-01,2091.7
2018-05-01,2100.2
2018-06-01,2110.3
2018-07-01,2111.8
2018-08-01,2117.5
2018-09-01,2125.7
2018-10-01,2128.4
2018-11-01,2135.1
2018-12-01,2137.8
2019-01-01,2150.0
2019-02-01,2152.6
2019-03-01,2160.0
2019-04-01,2163.4
2019-05-01,2170.6
2019-06-01,2172.5
2019-07-01,2178.3
2019-08-01,2193.2
2019-09-01,2197.0
2019-10-01,2199.9
2019-11-01,2208.3
2019-12-01,2217.5
2020-01-01,2221.4
2020-02-01,2221.0
2020-03-01,2210.7
2020-04-01,1971.0
2020-05-01,2037.9
2020-06-01,2089.9
2020-07-01,2072.1
2020-08-01,2098.2
2020-09-01,2112.5
2020-10-01,2132.9
2020-11-01,2146.8
2020-12-01,2154.7
2021-01-01,2163.1
2021-02-01,2170.3
2021-03-01,2183.5
2021-04-01,2186.6
2021-05-01,2201.6
2021-06-01,2218.9
2021-07-01,2228.5
2021-08-01,2239.4
2021-09-01,2244.2
2021-10-01,2259.3
2021-11-01,2263.2
2021-12-01,2276.9
2022-01-01,2282.1
2022-02-01,2293.3
2022-03-01,2297.8
2022-04-01,2319.0
2022-05-01,2331.2
2022-06-01,2333.0
2022-07-01,2345.7
2022-08-01,2350.3
2022-09-01,2353.6
2022-10-01,2357.1
2022-11-01,2364.1
2022-12-01,2362.5
2023-01-01,2376.0
2023-02-01,2381.3
2023-03-01,2382.7
2023-04-01,2400.1
2023-05-01,2408.0
2023-06-01,2417.0
2023-07-01,2418.0
2023-08-01,2425.4
2023-09-01,2434.0
2023-10-01,2401.0
2023-11-01,2413.1
2023-12-01,2423.4
2024-01-01,2458.9
2024-02-01,2461.5
2024-03-01,2466.1
2024-04-01,2454.1
2024-05-01,2450.4
2024-06-01,2449.4
2024-07-01,2424.8
2024-08-01,2423.8
2024-09-01,2432.1
2024-10-01,2438.3
2024-11-01,2443.6
2024-12-01,2449.0
2025-01-01,2449.2
2025-02-01,2455.7
2025-03-01,2460.0
2025-04-01,2468.1
2025-05-01,2460.9
2025-06-01,2453.1
2025-07-01,2457.3
2025-08-01,2457.2
2025-09-01,2460.2
2025-10-01,2467.5
2025-11-01,2468.3
2025-12-01,2470.7
