observation_date,ACTLISCOUUS,series_name,source,notes
2016-07-01,1463025,Housing Inventory Active Listing Count National,FRED/Realtor.com,Not Seasonally Adjusted
2016-08-01,1460071,Housing Inventory Active Listing Count National,FRED/Realtor.com,Not Seasonally Adjusted
2016-09-01,1443103,Housing Inventory Active Listing Count National,FRED/Realtor.com,Not Seasonally Adjusted
2016-10-01,1407722,Housing Inventory Active Listing Count National,FRED/Realtor.com,Not Seasonally Adjusted
2016-11-01,1339724,Housing Inventory Active Listing Count National,FRED/Realtor.com,Not Seasonally Adjusted
2016-12-01,1236003,Housing Inventory Active Listing Count National,FRED/Realtor.com,Not Seasonally Adjusted
2017-01-01,1154139,Housing Inventory Active Listing Count National,FRED/Realtor.com,Not Seasonally Adjusted
2017-02-01,1151139,Housing Inventory Active Listing Count National,FRED/Realtor.com,Not Seasonally Adjusted
2017-03-01,1172731,Housing Inventory Active Listing Count National,FRED/Realtor.com,Not Seasonally Adjusted
2017-04-01,1198445,Housing Inventory Active Listing Count National,FRED/Realtor.com,Not Seasonally Adjusted
2017-05-01,1253871,Housing Inventory Active Listing Count National,FRED/Realtor.com,Not Seasonally Adjusted
2017-06-01,1292389,Housing Inventory Active Listing Count National,FRED/Realtor.com,Not Seasonally Adjusted
2017-07-01,1322676,Housing Inventory Active Listing Count National,FRED/Realtor.com,Not Seasonally Adjusted
2017-08-01,1325376,Housing Inventory Active Listing Count National,FRED/Realtor.com,Not Seasonally Adjusted
2017-09-01,1308624,Housing Inventory Active Listing Count National,FRED/Realtor.com,Not Seasonally Adjusted
2017-10-01,1287341,Housing Inventory Active Listing Count National,FRED/Realtor.com,Not Seasonally Adjusted
2017-11-01,1228097,Housing Inventory Active Listing Count National,FRED/Realtor.com,Not Seasonally Adjusted
2017-12-01,1127819,Housing Inventory Active Listing Count National,FRED/Realtor.com,Not Seasonally Adjusted
2018-01-01,1043968,Housing Inventory Active Listing Count National,FRED/Realtor.com,Not Seasonally Adjusted
2018-02-01,1045168,Housing Inventory Active Listing Count National,FRED/Realtor.com,Not Seasonally Adjusted
2018-03-01,1067293,Housing Inventory Active Listing Count National,FRED/Realtor.com,Not Seasonally Adjusted
2018-04-01,1102074,Housing Inventory Active Listing Count National,FRED/Realtor.com,Not Seasonally Adjusted
2018-05-01,1156921,Housing Inventory Active Listing Count National,FRED/Realtor.com,Not Seasonally Adjusted
2018-06-01,1216521,Housing Inventory Active Listing Count National,FRED/Realtor.com,Not Seasonally Adjusted
2018-07-01,1261936,Housing Inventory Active Listing Count National,FRED/Realtor.com,Not Seasonally Adjusted
2018-08-01,1285682,Housing Inventory Active Listing Count National,FRED/Realtor.com,Not Seasonally Adjusted
2018-09-01,1301939,Housing Inventory Active Listing Count National,FRED/Realtor.com,Not Seasonally Adjusted
2018-10-01,1304695,Housing Inventory Active Listing Count National,FRED/Realtor.com,Not Seasonally Adjusted
2018-11-01,1273060,Housing Inventory Active Listing Count National,FRED/Realtor.com,Not Seasonally Adjusted
2018-12-01,1185880,Housing Inventory Active Listing Count National,FRED/Realtor.com,Not Seasonally Adjusted
2019-01-01,1110654,Housing Inventory Active Listing Count National,FRED/Realtor.com,Not Seasonally Adjusted
2019-02-01,1102678,Housing Inventory Active Listing Count National,FRED/Realtor.com,Not Seasonally Adjusted
2019-03-01,1115955,Housing Inventory Active Listing Count National,FRED/Realtor.com,Not Seasonally Adjusted
2019-04-01,1137210,Housing Inventory Active Listing Count National,FRED/Realtor.com,Not Seasonally Adjusted
2019-05-01,1180934,Housing Inventory Active Listing Count National,FRED/Realtor.com,Not Seasonally Adjusted
2019-06-01,1219821,Housing Inventory Active Listing Count National,FRED/Realtor.com,Not Seasonally Adjusted
2019-07-01,1239557,Housing Inventory Active Listing Count National,FRED/Realtor.com,Not Seasonally Adjusted
2019-08-01,1235278,Housing Inventory Active Listing Count National,FRED/Realtor.com,Not Seasonally Adjusted
2019-09-01,1224891,Housing Inventory Active Listing Count National,FRED/Realtor.com,Not Seasonally Adjusted
2019-10-01,1208337,Housing Inventory Active Listing Count National,FRED/Realtor.com,Not Seasonally Adjusted
2019-11-01,1143358,Housing Inventory Active Listing Count National,FRED/Realtor.com,Not Seasonally Adjusted
2019-12-01,1033913,Housing Inventory Active Listing Count National,FRED/Realtor.com,Not Seasonally Adjusted
2020-01-01,951699,Housing Inventory Active Listing Count National,FRED/Realtor.com,Not Seasonally Adjusted
2020-02-01,928363,Housing Inventory Active Listing Count National,FRED/Realtor.com,Not Seasonally Adjusted
2020-03-01,937341,Housing Inventory Active Listing Count National,FRED/Realtor.com,Not Seasonally Adjusted
2020-04-01,941752,Housing Inventory Active Listing Count National,FRED/Realtor.com,Not Seasonally Adjusted
2020-05-01,928387,Housing Inventory Active Listing Count National,FRED/Realtor.com,Not Seasonally Adjusted
2020-06-01,871577,Housing Inventory Active Listing Count National,FRED/Realtor.com,Not Seasonally Adjusted
2020-07-01,822849,Housing Inventory Active Listing Count National,FRED/Realtor.com,Not Seasonally Adjusted
2020-08-01,779567,Housing Inventory Active Listing Count National,FRED/Realtor.com,Not Seasonally Adjusted
2020-09-01,749403,Housing Inventory Active Listing Count National,FRED/Realtor.com,Not Seasonally Adjusted
2020-10-01,734048,Housing Inventory Active Listing Count National,FRED/Realtor.com,Not Seasonally Adjusted
2020-11-01,683830,Housing Inventory Active Listing Count National,FRED/Realtor.com,Not Seasonally Adjusted
2020-12-01,612307,Housing Inventory Active Listing Count National,FRED/Realtor.com,Not Seasonally Adjusted
2021-01-01,531780,Housing Inventory Active Listing Count National,FRED/Realtor.com,Not Seasonally Adjusted
2021-02-01,464924,Housing Inventory Active Listing Count National,FRED/Realtor.com,Not Seasonally Adjusted
2021-03-01,440592,Housing Inventory Active Listing Count National,FRED/Realtor.com,Not Seasonally Adjusted
2021-04-01,435667,Housing Inventory Active Listing Count National,FRED/Realtor.com,Not Seasonally Adjusted
2021-05-01,447670,Housing Inventory Active Listing Count National,FRED/Realtor.com,Not Seasonally Adjusted
2021-06-01,492432,Housing Inventory Active Listing Count National,FRED/Realtor.com,Not Seasonally Adjusted
2021-07-01,546697,Housing Inventory Active Listing Count National,FRED/Realtor.com,Not Seasonally Adjusted
2021-08-01,574649,Housing Inventory Active Listing Count National,FRED/Realtor.com,Not Seasonally Adjusted
2021-09-01,578079,Housing Inventory Active Listing Count National,FRED/Realtor.com,Not Seasonally Adjusted
2021-10-01,565716,Housing Inventory Active Listing Count National,FRED/Realtor.com,Not Seasonally Adjusted
2021-11-01,512250,Housing Inventory Active Listing Count National,FRED/Realtor.com,Not Seasonally Adjusted
2021-12-01,445310,Housing Inventory Active Listing Count National,FRED/Realtor.com,Not Seasonally Adjusted
2022-01-01,376973,Housing Inventory Active Listing Count National,FRED/Realtor.com,Not Seasonally Adjusted
2022-02-01,346514,Housing Inventory Active Listing Count National,FRED/Realtor.com,Not Seasonally Adjusted
2022-03-01,354019,Housing Inventory Active Listing Count National,FRED/Realtor.com,Not Seasonally Adjusted
2022-04-01,379980,Housing Inventory Active Listing Count National,FRED/Realtor.com,Not Seasonally Adjusted
2022-05-01,479469,Housing Inventory Active Listing Count National,FRED/Realtor.com,Not Seasonally Adjusted
2022-06-01,573660,Housing Inventory Active Listing Count National,FRED/Realtor.com,Not Seasonally Adjusted
2022-07-01,691663,Housing Inventory Active Listing Count National,FRED/Realtor.com,Not Seasonally Adjusted
2022-08-01,726793,Housing Inventory Active Listing Count National,FRED/Realtor.com,Not Seasonally Adjusted
2022-09-01,731511,Housing Inventory Active Listing Count National,FRED/Realtor.com,Not Seasonally Adjusted
2022-10-01,752749,Housing Inventory Active Listing Count National,FRED/Realtor.com,Not Seasonally Adjusted
2022-11-01,750209,Housing Inventory Active Listing Count National,FRED/Realtor.com,Not Seasonally Adjusted
2022-12-01,680931,Housing Inventory Active Listing Count National,FRED/Realtor.com,Not Seasonally Adjusted
2023-01-01,616869,Housing Inventory Active Listing Count National,FRED/Realtor.com,Not Seasonally Adjusted
2023-02-01,579268,Housing Inventory Active Listing Count National,FRED/Realtor.com,Not Seasonally Adjusted
2023-03-01,562453,Housing Inventory Active Listing Count National,FRED/Realtor.com,Not Seasonally Adjusted
2023-04-01,562979,Housing Inventory Active Listing Count National,FRED/Realtor.com,Not Seasonally Adjusted
2023-05-01,582451,Housing Inventory Active Listing Count National,FRED/Realtor.com,Not Seasonally Adjusted
2023-06-01,614336,Housing Inventory Active Listing Count National,FRED/Realtor.com,Not Seasonally Adjusted
2023-07-01,647145,Housing Inventory Active Listing Count National,FRED/Realtor.com,Not Seasonally Adjusted
2023-08-01,669765,Housing Inventory Active Listing Count National,FRED/Realtor.com,Not Seasonally Adjusted
2023-09-01,702470,Housing Inventory Active Listing Count National,FRED/Realtor.com,Not Seasonally Adjusted
2023-10-01,738119,Housing Inventory Active Listing Count National,FRED/Realtor.com,Not Seasonally Adjusted
2023-11-01,755529,Housing Inventory Active Listing Count National,FRED/Realtor.com,Not Seasonally Adjusted
2023-12-01,714214,Housing Inventory Active Listing Count National,FRED/Realtor.com,Not Seasonally Adjusted
2024-01-01,665603,Housing Inventory Active Listing Count National,FRED/Realtor.com,Not Seasonally Adjusted
2024-02-01,664745,Housing Inventory Active Listing Count National,FRED/Realtor.com,Not Seasonally Adjusted
2024-03-01,694844,Housing Inventory Active Listing Count National,FRED/Realtor.com,Not Seasonally Adjusted
2024-04-01,734324,Housing Inventory Active Listing Count National,FRED/Realtor.com,Not Seasonally Adjusted
2024-05-01,787726,Housing Inventory Active Listing Count National,FRED/Realtor.com,Not Seasonally Adjusted
2024-06-01,839960,Housing Inventory Active Listing Count National,FRED/Realtor.com,Not Seasonally Adjusted
2024-07-01,883905,Housing Inventory Active Listing Count National,FRED/Realtor.com,Not Seasonally Adjusted
2024-08-01,908944,Housing Inventory Active Listing Count National,FRED/Realtor.com,Not Seasonally Adjusted
2024-09-01,937267,Housing Inventory Active Listing Count National,FRED/Realtor.com,Not Seasonally Adjusted
2024-10-01,954201,Housing Inventory Active Listing Count National,FRED/Realtor.com,Not Seasonally Adjusted
2024-11-01,952414,Housing Inventory Active Listing Count National,FRED/Realtor.com,Not Seasonally Adjusted
2024-12-01,871518,Housing Inventory Active Listing Count National,FRED/Realtor.com,Not Seasonally Adjusted
2025-01-01,829376,Housing Inventory Active Listing Count National,FRED/Realtor.com,Not Seasonally Adjusted
2025-02-01,847825,Housing Inventory Active Listing Count National,FRED/Realtor.com,Not Seasonally Adjusted
2025-03-01,892561,Housing Inventory Active Listing Count National,FRED/Realtor.com,Not Seasonally Adjusted
2025-04-01,959251,Housing Inventory Active Listing Count National,FRED/Realtor.com,Not Seasonally Adjusted
2025-05-01,1036101,Housing Inventory Active Listing Count National,FRED/Realtor.com,Not Seasonally Adjusted
2025-06-01,1082520,Housing Inventory Active Listing Count National,FRED/Realtor.com,Not Seasonally Adjusted
2025-07-01,1102787,Housing Inventory Active Listing Count National,FRED/Realtor.com,Not Seasonally Adjusted
2025-08-01,1098681,Housing Inventory Active Listing Count National,FRED/Realtor.com,Not Seasonally Adjusted
2025-09-01,1100407,Housing Inventory Active Listing Count National,FRED/Realtor.com,Not Seasonally Adjusted
2025-10-01,1099856,Housing Inventory Active Listing Count National,FRED/Realtor.com,Not Seasonally Adjusted
2025-11-01,1072266,Housing Inventory Active Listing Count National,FRED/Realtor.com,Not Seasonally Adjusted
2025-12-01,976833,Housing Inventory Active Listing Count National,FRED/Realtor.com,Not Seasonally Adjusted
